istanza,obj_int,time_int,obj_relax,time_relax,gap_relax,obj_gomory_all,time_gomory_all,iter_gomory_all,gap_gomory_all,obj_gomory_step,time_gomory_step,iter_gomory_step,gap_gomory_step,nota
cap102.dat,2860442638.0,0.07561683654785156,2860442638.0,0.029675006866455078,0,2860442638.0,0,0,0,2860442638.0,0,0,0,Relax già intero
cap103.dat,2860562638.0,0.023501157760620117,2860562638.0,0.024007320404052734,0,2860562638.0,0,0,0,2860562638.0,0,0,0,Relax già intero
