istanza,obj_int,time_int,obj_relax,time_relax,gap_relax,obj_gomory_all,time_gomory_all,iter_gomory_all,gap_gomory_all,obj_gomory_step,time_gomory_step,iter_gomory_step,gap_gomory_step,nota
cap101.dat,2860322638.0,0.08816838264465332,2860171767.2983274,0.08891439437866211,0,2860171767.2983274,0,0,0,2860171767.2983274,0,0,0,Relax già intero
cap102.dat,2860442638.0,0.09996366500854492,2860191186.8305454,0.09861159324645996,0,2860191186.8305454,0,0,0,2860191186.8305454,0,0,0,Relax già intero
cap103.dat,2860562638.0,0.09621834754943848,2860210606.3627634,0.11352896690368652,0,2860210606.3627634,0,0,0,2860210606.3627634,0,0,0,Relax già intero
cap104.dat,2860742638.0,0.11034011840820312,2860239735.6610904,0.1251842975616455,0,2860239735.6610904,0,0,0,2860239735.6610904,0,0,0,Relax già intero
cap71.dat,4004134478.0,0.14799094200134277,4004044073.144052,0.13289141654968262,0,4004044073.144052,0,0,0,4004044073.144052,0,0,0,Relax già intero
cap72.dat,4004209478.0,0.15666532516479492,4004058803.2400866,0.16611742973327637,0,4004058803.2400866,0,0,0,4004058803.2400866,0,0,0,Relax già intero
cap73.dat,4004289523.0625,0.17902922630310059,4004078578.3986216,0.15865850448608398,0,4004078578.3986216,0,0,0,4004078578.3986216,0,0,0,Relax già intero
cap74.dat,4004396978.0,0.17606639862060547,4004095628.4801736,0.16838335990905762,0,4004095628.4801736,0,0,0,4004095628.4801736,0,0,0,Relax già intero
