istanza,obj_int,time_int,obj_relax,time_relax,gap_relax,obj_gomory_all,time_gomory_all,iter_gomory_all,gap_gomory_all,nota
cap102.dat,2860442638.0,0.08405613899230957,2860191186.8305454,0.07768654823303223,0.008790638417779542,2860191186.8305454,0.07152485847473145,1,0.008790638417779542,
