istanza,obj_int,time_int,obj_relax,time_relax,gap_relax,obj_gomory_all,time_gomory_all,iter_gomory_all,gap_gomory_all,nota
cap102.dat,2860442638.0,0.10295510292053223,2860191186.8305454,0.08806753158569336,0.008790638417779542,2860191186.8305454,0.09008622169494629,1,0.008790638417779542,
