istanza,obj_int,time_int,obj_relax,time_relax,gap_relax,obj_gomory_all,time_gomory_all,iter_gomory_all,gap_gomory_all,obj_gomory_step,time_gomory_step,iter_gomory_step,gap_gomory_step,nota
cap101.dat,2860322638.0,0.06610989570617676,2860171767.2983274,0.021044015884399414,0.005274604328483939,2860171767.2983274,0.020222902297973633,1,0.005274604328483939,2860171767.2983274,0.12321925163269043,6,0.005274604328483939,
cap102.dat,2860442638.0,0.024546146392822266,2860191186.8305454,0.02078104019165039,0.008790638417779542,2860191186.8305454,0.02114582061767578,1,0.008790638417779542,2860191186.8305454,0.12288594245910645,6,0.008790638417779542,
cap103.dat,2860562638.0,0.025966882705688477,2860210606.3627634,0.0211029052734375,0.01230637751329657,2860210606.3627634,0.019771337509155273,1,0.01230637751329657,2860210606.3627634,0.11957478523254395,6,0.01230637751329657,
cap104.dat,2860742638.0,0.02329087257385254,2860239735.6610904,0.019371986389160156,0.017579433124442635,2860239735.6610904,0.020258665084838867,1,0.017579433124442635,2860239735.6610904,0.12139892578125,6,0.017579433124442635,
cap71.dat,4004134478.0,0.019939899444580078,4004044073.144052,0.017639875411987305,0.002257787705300225,4004044073.144052,0.02084517478942871,1,0.002257787705300225,4004044073.144052,0.11262083053588867,6,0.002257787705300225,
cap72.dat,4004209478.0,0.02112579345703125,4004058803.2400866,0.017643213272094727,0.003762909027144671,4004058803.2400866,0.017350196838378906,1,0.003762909027144671,4004058803.2400866,0.13428688049316406,6,0.003762909027144671,
cap73.dat,4004289523.0625,0.021055936813354492,4004078578.3986216,0.018249034881591797,0.005267967330122258,4004078578.3986216,0.02098822593688965,1,0.005267967330122258,4004078578.3986216,0.11522221565246582,6,0.005267967330122258,
cap74.dat,4004396978.0,0.021953821182250977,4004095628.4801736,0.018436908721923828,0.007525465668913812,4004095628.4801736,0.01805591583251953,1,0.007525465668913812,4004095628.4801736,0.10908913612365723,6,0.007525465668913812,
