istanza,obj_int,time_int,obj_relax,time_relax,gap_relax,nota
cap72.dat,248490781.0,0.14041900634765625,248382553.0655141,0.08325982093811035,0.04355410452265926,
