istanza,obj_int,time_int,obj_relax,time_relax,gap_relax,obj_gomory_all,time_gomory_all,iter_gomory_all,gap_gomory_all,obj_gomory_step,time_gomory_step,iter_gomory_step,gap_gomory_step,nota
cap101.dat,2860322638.0,0.050950050354003906,2860171767.2983274,0.019843101501464844,0.005274604328483939,2860171767.2983274,0.020103931427001953,1,0.005274604328483939,2860171767.2983274,0.12316083908081055,6,0.005274604328483939,
cap102.dat,2860442638.0,0.023299694061279297,2860191186.8305454,0.01967477798461914,0.008790638417779542,2860191186.8305454,0.019247055053710938,1,0.008790638417779542,2860191186.8305454,0.11930513381958008,6,0.008790638417779542,
cap103.dat,2860562638.0,0.023775339126586914,2860210606.3627634,0.02006983757019043,0.01230637751329657,2860210606.3627634,0.019568920135498047,1,0.01230637751329657,2860210606.3627634,0.11776518821716309,6,0.01230637751329657,
cap104.dat,2860742638.0,0.023917198181152344,2860239735.6610904,0.0204617977142334,0.017579433124442635,2860239735.6610904,0.020172119140625,1,0.017579433124442635,2860239735.6610904,0.12811803817749023,6,0.017579433124442635,
cap71.dat,4004134478.0,0.022001028060913086,4004044073.144052,0.018662214279174805,0.002257787705300225,4004044073.144052,0.01833510398864746,1,0.002257787705300225,4004044073.144052,0.10907816886901855,6,0.002257787705300225,
cap72.dat,4004209478.0,0.020848751068115234,4004058803.2400866,0.017810821533203125,0.003762909027144671,4004058803.2400866,0.017715930938720703,1,0.003762909027144671,4004058803.2400866,0.1094362735748291,6,0.003762909027144671,
cap73.dat,4004289523.0625,0.0202791690826416,4004078578.3986216,0.017875194549560547,0.005267967330122258,4004078578.3986216,0.017803192138671875,1,0.005267967330122258,4004078578.3986216,0.10973000526428223,6,0.005267967330122258,
cap74.dat,4004396978.0,0.0199739933013916,4004095628.4801736,0.018117904663085938,0.007525465668913812,4004095628.4801736,0.017619848251342773,1,0.007525465668913812,4004095628.4801736,0.10825300216674805,6,0.007525465668913812,
