istanza,obj_int,time_int,obj_relax,time_relax,gap_relax,nota
cap101.dat,2860322638.0,0.07337808609008789,2860171767.2983274,0.020221948623657227,0.005274604328483939,
cap102.dat,2860442638.0,0.03569817543029785,2860191186.8305454,0.020652055740356445,0.008790638417779542,
cap103.dat,2860562638.0,0.04802107810974121,2860210606.3627634,0.019024133682250977,0.01230637751329657,
cap104.dat,2860742638.0,0.028994083404541016,2860239735.6610904,0.019336223602294922,0.017579433124442635,
cap71.dat,4004134478.0,0.019570112228393555,4004044073.144052,0.019080162048339844,0.002257787705300225,
cap72.dat,4004209478.0,0.023896217346191406,4004058803.2400866,0.019295930862426758,0.003762909027144671,
cap73.dat,4004289523.0625,0.020441055297851562,4004078578.3986216,0.01776409149169922,0.005267967330122258,
cap74.dat,4004396978.0,0.01936197280883789,4004095628.4801736,0.01736283302307129,0.007525465668913812,
