istanza,obj_int,time_int,obj_relax,time_relax,gap_relax,nota
cap101.dat,2860322638.0,0.06359577178955078,2860171767.2983274,0.0638117790222168,0.005274604328483939,
cap102.dat,2860442638.0,0.047859907150268555,2860191186.8305454,0.05550789833068848,0.008790638417779542,
cap103.dat,2860562638.0,0.048064470291137695,2860210606.3627634,0.04764580726623535,0.01230637751329657,
cap104.dat,2860742638.0,0.06305956840515137,2860239735.6610904,0.06361651420593262,0.017579433124442635,
cap71.dat,4004134478.0,0.04744768142700195,4004044073.144052,0.09557056427001953,0.002257787705300225,
cap72.dat,4004209478.0,0.10000729560852051,4004058803.2400866,0.07967615127563477,0.003762909027144671,
cap73.dat,4004289523.062501,0.0773305892944336,4004078578.398622,0.07667136192321777,0.005267967330134164,
cap74.dat,4004396978.0,0.03164029121398926,4004095628.4801736,0.05818629264831543,0.007525465668913812,
