istanza,obj_int,time_int,obj_relax,time_relax,gap_relax,nota
cap101.dat,2860322638.0,0.11441755294799805,2860171767.2983274,0.0825507640838623,0.005274604328483939,
cap102.dat,2860442638.0,0.11205029487609863,2860191186.8305454,0.10088896751403809,0.008790638417779542,
cap103.dat,2860562638.0,0.08623433113098145,2860210606.3627634,0.07328629493713379,0.01230637751329657,
cap104.dat,2860742638.0,0.08887600898742676,2860239735.6610904,0.1006155014038086,0.017579433124442635,
cap71.dat,4004134478.0,0.09953975677490234,4004044073.144052,0.09988069534301758,0.002257787705300225,
cap72.dat,4004209478.0,0.10690951347351074,4004058803.2400866,0.0755765438079834,0.003762909027144671,
cap73.dat,4004289523.0625,0.09534978866577148,4004078578.3986216,0.09009385108947754,0.005267967330122258,
cap74.dat,4004396978.0,0.09859061241149902,4004095628.4801736,0.09059906005859375,0.007525465668913812,
