istanza,obj_int,time_int,obj_relax,time_relax,gap_relax,nota
cap71_restricted.dat,230554568.0,0.07527375221252441,221829403.48444042,0.04342389106750488,3.7844249156492897,
