istanza,obj_int,time_int,obj_relax,time_relax,gap_relax,nota
cap72.dat,248490781.0,0.14835405349731445,248382553.0655141,0.08234214782714844,0.04355410452265926,
