istanza,obj_int,time_int,obj_relax,time_relax,gap_relax,nota
cap74.dat,4004396978.0,0.07662606239318848,4004095628.4801736,0.048384904861450195,0.007525465668913812,
