istanza,obj_int,time_int,obj_relax,time_relax,gap_relax,nota
cap71_restricted.dat,230554568.0,0.07450556755065918,221829403.48444042,0.044083356857299805,3.7844249156492897,
