istanza,obj_int,time_int,obj_relax,time_relax,gap_relax,nota
cap101.dat,2860322638.0,0.13826298713684082,2860171767.2983274,0.021364927291870117,0.005274604328483939,
cap102.dat,2860442638.0,0.023623943328857422,2860191186.8305454,0.022378921508789062,0.008790638417779542,
cap103.dat,2860562638.0,0.022590160369873047,2860210606.3627634,0.02168583869934082,0.01230637751329657,
cap104.dat,2860742638.0,0.022344112396240234,2860239735.6610904,0.021095991134643555,0.017579433124442635,
cap71.dat,4004134478.0,0.020190954208374023,4004044073.144052,0.019844770431518555,0.002257787705300225,
cap72.dat,4004209478.0,0.022051095962524414,4004058803.2400866,0.0192568302154541,0.003762909027144671,
cap73.dat,4004289523.062501,0.020313739776611328,4004078578.398622,0.0187530517578125,0.005267967330134164,
cap74.dat,4004396978.0,0.02094411849975586,4004095628.4801736,0.022516965866088867,0.007525465668913812,
