istanza,obj_int,time_int,obj_relax,time_relax,gap_relax,nota
cap71_restricted.dat,230554568.0,0.06621909141540527,221829403.48444042,0.03744935989379883,3.7844249156492897,
