istanza,obj_int,time_int,obj_relax,time_relax,gap_relax,nota
cap71_restricted.dat,230554568.0,0.15466594696044922,221829403.48444042,0.08383917808532715,3.7844249156492897,
