istanza,obj_int,time_int,obj_relax,time_relax,gap_relax,nota
cap101.dat,2860322638.0,0.06232810020446777,2860171768.9735885,0.043792009353637695,0.005274604328483939,
cap102.dat,2860442638.0,0.06974625587463379,2860191189.622648,0.08133459091186523,0.008790638417779542,
cap103.dat,2860562638.0,0.0622713565826416,2860210610.2717066,0.06035566329956055,0.01230637751329657,
cap104.dat,2860742638.0,0.05108833312988281,2860239741.2452946,0.06040048599243164,0.017579433124442635,
cap71.dat,4004141978.0,0.049788713455200195,4004045050.7674074,0.03841447830200195,0.00242070434050866,
cap71_restricted.dat,230554568.0,0.06105613708496094,221829895.26842564,0.04187726974487305,3.7844249156492897,
cap72.dat,248429403.0,0.05032086372375488,248369065.56680024,0.04673600196838379,0.024288713414687323,
cap73.dat,4004289523.062501,0.06745314598083496,4004078581.0363207,0.04433155059814453,0.005267967330134164,
cap74.dat,4004396978.0,0.04996013641357422,4004095632.248315,0.051847219467163086,0.007525465668913812,
