istanza,obj_int,time_int,obj_relax,time_relax,gap_relax,nota
cap101.dat,2860322638.0,0.048964738845825195,2860171767.2983274,0.07015252113342285,0.005274604328483939,
cap102.dat,2860442638.0,0.05741286277770996,2860191186.8305454,0.06772327423095703,0.008790638417779542,
cap103.dat,2860562638.0,0.10497260093688965,2860210606.3627634,0.09423494338989258,0.01230637751329657,
cap104.dat,2860742638.0,0.09449386596679688,2860239735.6610904,0.1101219654083252,0.017579433124442635,
cap71.dat,4004134478.0,0.04811453819274902,4004044073.144052,0.06758236885070801,0.002257787705300225,
cap72.dat,4004209478.0,0.08736419677734375,4004058803.2400866,0.09518933296203613,0.003762909027144671,
cap73.dat,4004289523.062501,0.15532970428466797,4004078578.398622,0.10825300216674805,0.005267967330134164,
cap74.dat,4004396978.0,0.10436129570007324,4004095628.4801736,0.0721132755279541,0.007525465668913812,
