istanza,obj_int,time_int,obj_relax,time_relax,gap_relax,nota
cap71_restricted.dat,248430781.0,0.14353394508361816,248365844.23930848,0.08138298988342285,0.026138774120556162,
