istanza,obj_int,time_int,obj_relax,time_relax,gap_relax,nota
cap41.dat,945566.0875,0.09693145751953125,833239.9997587064,0.059592247009277344,0.4821720708125335,
