istanza,obj_int,time_int,obj_relax,time_relax,gap_relax,obj_gomory_all,time_gomory_all,iter_gomory_all,gap_gomory_all,obj_gomory_step,time_gomory_step,iter_gomory_step,gap_gomory_step,nota
cap41.dat,945566.0875,0.12517499923706055,941006.8319150002,0.022233009338378906,0.4821720708125335,941006.8319150002,0.019082069396972656,1,0.4821720708125335,945276.6625,0.17152976989746094,9,0.03060864849386284,
cap42.dat,1013664.175,0.08125686645507812,1001278.088205,0.018625974655151367,1.2219122565912928,1001278.088205,0.018635988235473633,1,1.2219122565912928,1001278.088205,0.11074590682983398,6,1.2219122565912928,
cap43.dat,1060871.375,0.0758819580078125,1046928.1111267784,0.018746137619018555,1.3143218114657478,1046928.1111267784,0.018908977508544922,1,1.3143218114657478,1046954.4857757315,0.1306447982788086,7,1.3118356807646445,
