istanza,obj_int,time_int,obj_relax,time_relax,gap_relax,obj_gomory_all,time_gomory_all,iter_gomory_all,gap_gomory_all,obj_gomory_step,time_gomory_step,iter_gomory_step,gap_gomory_step,nota
cap41.dat,945566.0875,0.07190108299255371,941006.8319150002,0.020025253295898438,0.4821720708125335,941006.8319150002,0.01913309097290039,1,0.4821720708125335,945276.6625,0.17388916015625,9,0.03060864849386284,
cap42.dat,1013664.175,0.07903385162353516,1001278.088205,0.020005226135253906,1.2219122565912928,1001278.088205,0.019724130630493164,1,1.2219122565912928,1001278.088205,0.11735200881958008,6,1.2219122565912928,
cap43.dat,1060871.375,0.07887887954711914,1046928.1111267784,0.019047975540161133,1.3143218114657478,1046928.1111267784,0.019215106964111328,1,1.3143218114657478,1046954.4857757315,0.13169407844543457,7,1.3118356807646445,
