istanza,obj_int,time_int,obj_relax,time_relax,gap_relax,obj_gomory_all,time_gomory_all,iter_gomory_all,gap_gomory_all,obj_gomory_step,time_gomory_step,iter_gomory_step,gap_gomory_step,nota
cap41.dat,945566.0875,0.10424113273620605,941006.8319150002,0.019232749938964844,0.4821720708125335,941006.8319150002,0.0192568302154541,1,0.4821720708125335,945276.6625,0.17716312408447266,9,0.03060864849386284,
cap42.dat,1013664.175,0.07767605781555176,1001278.088205,0.01972198486328125,1.2219122565912928,1001278.088205,0.02042222023010254,1,1.2219122565912928,1001278.088205,0.11905574798583984,6,1.2219122565912928,
cap43.dat,1060871.375,0.07704901695251465,1046928.1111267784,0.019737958908081055,1.3143218114657478,1046928.1111267784,0.019466400146484375,1,1.3143218114657478,1046954.4857757315,0.13773584365844727,7,1.3118356807646445,
