istanza,obj_int,time_int,obj_relax,time_relax,gap_relax,obj_gomory_all,time_gomory_all,iter_gomory_all,gap_gomory_all,obj_gomory_step,time_gomory_step,iter_gomory_step,gap_gomory_step,nota
cap41.dat,945566.0875,0.07799696922302246,941006.8319150002,0.019082069396972656,0.4821720708125335,941006.8319150002,0.018559932708740234,1,0.4821720708125335,945276.6625,0.170637845993042,9,0.03060864849386284,
cap42.dat,1013664.175,0.11006307601928711,1001278.088205,0.019198179244995117,1.2219122565912928,1001278.088205,0.018764019012451172,1,1.2219122565912928,1001278.088205,0.11849498748779297,6,1.2219122565912928,
cap43.dat,1060871.375,0.08211374282836914,1046928.1111267784,0.019912242889404297,1.3143218114657478,1046928.1111267784,0.01908111572265625,1,1.3143218114657478,1046954.4857757315,0.13863277435302734,7,1.3118356807646445,
