istanza,obj_int,time_int,obj_relax,time_relax,gap_relax,obj_gomory_all,time_gomory_all,iter_gomory_all,gap_gomory_all,nota
cap42.dat,1013664.175,0.13052916526794434,1001278.088205,0.018711090087890625,1.2219122565912928,1001278.088205,0.018311262130737305,1,1.2219122565912928,
